track_name_formatted,sentiment_score,danceability,energy,loudness,liveness,valence,tempo,album_name,year,valence_energy_avg,irony_score
22,0.045377358490566046,0.658,0.729,-6.561,0.0752,0.668,104.007,Red,2012,0.6985,0.653122641509434
A Perfectly Good Heart,0.38695652173913037,0.483,0.751,-5.726,0.128,0.268,156.092,Taylor Swift,2006,0.5095000000000001,0.1225434782608697
Afterglow,-0.002604166666666669,0.756,0.449,-8.746,0.114,0.399,111.011,Lover,2019,0.42400000000000004,0.42660416666666673
All Too Well,0.04539007092198581,0.602,0.609,-7.803,0.127,0.337,93.06,Red,2012,0.473,0.42760992907801415
Anti-Hero,0.009027777777777773,0.633,0.648,-6.645,0.161,0.49,96.888,Midnights,2022,0.569,0.5599722222222222
Babe,-0.007833333333333336,0.584,0.743,-7.075,0.121,0.746,167.844,Red (Taylor's Version),2021,0.7444999999999999,0.7523333333333333
Back To December,0.03477891156462585,0.517,0.606,-5.797,0.324,0.296,141.929,Speak Now,2010,0.45099999999999996,0.4162210884353741
Bad Blood,-0.17446273964131104,0.652,0.802,-6.114,0.148,0.295,170.157,1989,2014,0.5485,0.722962739641311
Begin Again,0.05201844701844702,0.53,0.526,-8.349,0.232,0.323,79.025,Red,2012,0.4245,0.37248155298155294
Bejeweled,0.17165343915343917,0.687,0.551,-9.202,0.09,0.443,163.994,Midnights,2022,0.497,0.32534656084656083
Better Man,0.2732098765432099,0.473,0.579,-5.824,0.0877,0.255,73.942,Red (Taylor's Version),2021,0.417,0.1437901234567901
Better Than Revenge,0.0983064058956916,0.519,0.917,-3.185,0.359,0.652,145.882,Speak Now,2010,0.7845,0.6861935941043084
Blank Space,-0.03693136181087989,0.752,0.678,-5.421,0.13,0.583,96.009,1989,2014,0.6305000000000001,0.6674313618108799
But Daddy I Love Him,0.05102334267040149,0.521,0.72,-7.684,0.135,0.438,79.943,The Tortured Poets Department,2024,0.579,0.5279766573295984
Bye Bye Baby,-0.01703703703703703,0.624,0.624,-7.86,0.0995,0.527,80.132,Fearless (Taylor's Version),2021,0.5755,0.5925370370370371
Call It What You Want,0.07351657474945146,0.598,0.504,-9.874,0.34,0.252,163.954,reputation,2017,0.378,0.30448342525054856
Castles Crumbling,-0.0178917378917379,0.578,0.565,-8.064,0.0662,0.351,147.781,Speak Now (Taylor's Version),2023,0.45799999999999996,0.4758917378917379
Clara Bow,0.13305490805490805,0.686,0.318,-11.046,0.106,0.214,104.088,The Tortured Poets Department,2024,0.266,0.13294509194509196
Clean,0.017281746031746037,0.81,0.38,-7.755,0.113,0.211,103.981,1989,2014,0.2955,0.27821825396825395
Come In With The Rain,-0.0015616999487967256,0.476,0.564,-5.677,0.102,0.167,143.929,Fearless (Taylor's Version),2021,0.3655,0.3670616999487967
Cornelia Street,-0.020377804014167656,0.824,0.624,-9.728,0.1,0.248,102.012,Lover,2019,0.436,0.45637780401416767
Cruel Summer,-0.058498055616699685,0.552,0.702,-5.707,0.105,0.564,169.994,Lover,2019,0.633,0.6914980556166996
Dancing With Our Hands Tied,-0.03300165837479269,0.624,0.691,-6.686,0.138,0.284,160.024,reputation,2017,0.48749999999999993,0.5205016583747927
Daylight,0.024923569838824076,0.557,0.496,-9.602,0.0772,0.265,149.983,Lover,2019,0.3805,0.3555764301611759
Dear John,-0.023697214734950584,0.583,0.468,-5.378,0.111,0.126,119.375,Speak Now,2010,0.29700000000000004,0.3206972147349506
Delicate,0.022222222222222216,0.75,0.404,-10.178,0.0911,0.0499,95.045,reputation,2017,0.22695,0.2047277777777778
Down Bad,-0.14689458689458687,0.541,0.366,-10.412,0.0946,0.168,159.707,The Tortured Poets Department,2024,0.267,0.4138945868945869
Dress,0.04776119402985074,0.719,0.469,-8.792,0.169,0.0851,120.085,reputation,2017,0.27704999999999996,0.22928880597014922
Electric Touch,-0.0018353174603174568,0.547,0.854,-4.753,0.156,0.26,131.068,Speak Now (Taylor's Version),2023,0.5569999999999999,0.5588353174603174
Enchanted,0.05572916666666666,0.535,0.618,-3.913,0.169,0.228,81.975,Speak Now,2010,0.423,0.3672708333333333
False God,0.0030606060606060527,0.739,0.32,-10.862,0.111,0.351,79.97,Lover,2019,0.3355,0.332439393939394
Florida!!!,-0.026782407407407404,0.533,0.573,-7.123,0.309,0.398,150.088,The Tortured Poets Department,2024,0.4855,0.5122824074074074
Foolish One,0.06613713244860786,0.672,0.613,-4.709,0.112,0.557,97.041,Speak Now (Taylor's Version),2023,0.585,0.5188628675513921
Forever Winter,0.05308838383838383,0.611,0.552,-5.828,0.134,0.41,116.012,Red (Taylor's Version),2021,0.481,0.42791161616161616
Fortnight,0.12765151515151515,0.504,0.386,-10.976,0.0961,0.281,192.004,The Tortured Poets Department,2024,0.3335,0.20584848484848486
Fresh Out The Slammer,0.10637254901960784,0.33,0.483,-9.394,0.111,0.34,87.115,The Tortured Poets Department,2024,0.4115,0.3051274509803921
Getaway Car,0.07697649572649572,0.562,0.689,-6.745,0.0888,0.351,172.054,reputation,2017,0.52,0.4430235042735043
Gorgeous,0.1135006157635468,0.8,0.535,-6.684,0.213,0.451,92.027,reputation,2017,0.493,0.3794993842364532
Guilty as Sin?,-0.027287581699346405,0.626,0.428,-8.374,0.0921,0.487,94.95,The Tortured Poets Department,2024,0.4575,0.48478758169934644
Haunted,-0.036296791443850264,0.434,0.944,-2.641,0.151,0.361,162.02,Speak Now,2010,0.6525,0.6887967914438502
Holy Ground,0.09733405483405483,0.627,0.816,-6.698,0.0966,0.648,157.043,Red,2012,0.732,0.6346659451659451
How You Get The Girl,-0.018867924528301886,0.764,0.659,-6.136,0.0915,0.525,119.982,1989,2014,0.5920000000000001,0.610867924528302
I Almost Do,-0.012353801169590646,0.567,0.481,-7.357,0.182,0.233,145.865,Red,2012,0.357,0.36935380116959066
I Bet You Think About Me,0.09625850340136055,0.391,0.715,-4.516,0.183,0.473,149.654,Red (Taylor's Version),2021,0.594,0.4977414965986394
I Can Do It With a Broken Heart,-0.0005341880341880409,0.701,0.751,-8.39,0.15,0.22,129.994,The Tortured Poets Department,2024,0.4855,0.486034188034188
I Can See You,0.017346938775510204,0.695,0.768,-4.883,0.0426,0.813,123.054,Speak Now (Taylor's Version),2023,0.7905,0.7731530612244898
I Did Something Bad,0.14363636363636365,0.696,0.602,-6.156,0.0696,0.305,82.989,reputation,2017,0.4535,0.30986363636363634
I Forgot That You Existed,0.08141093474426807,0.664,0.316,-10.345,0.0812,0.541,92.875,Lover,2019,0.4285,0.3470890652557319
I Know Places,-0.015993381618381618,0.595,0.763,-4.991,0.2,0.507,159.959,1989,2014,0.635,0.6509933816183816
I Think He Knows,-0.02057692307692308,0.897,0.366,-8.029,0.0715,0.416,100.003,Lover,2019,0.391,0.4115769230769231
I Wish You Would,0.04833272483874893,0.649,0.898,-5.963,0.109,0.503,118.027,1989,2014,0.7005,0.6521672751612511
I'm Only Me When I'm With You,0.01895589166930631,0.563,0.934,-3.629,0.103,0.518,143.964,Taylor Swift,2006,0.726,0.7070441083306936
Innocent,0.15650527009222662,0.553,0.604,-5.295,0.125,0.186,133.989,Speak Now,2010,0.395,0.2384947299077734
Invisible,0.12298136645962732,0.612,0.394,-5.723,0.147,0.233,96.001,Taylor Swift,2006,0.3135,0.19051863354037268
Is It Over Now?,0.025428008902585172,0.599,0.651,-7.343,0.126,0.153,100.001,1989 (Taylor's Version),2023,0.402,0.37657199109741485
Jump Then Fall,0.004475308641975308,0.572,0.69,-6.201,0.0897,0.624,160.111,Fearless (Taylor's Version),2021,0.657,0.6525246913580247
Karma,0.025162037037037035,0.64,0.619,-7.108,0.475,0.121,90.008,Midnights,2022,0.37,0.344837962962963
Labyrinth,0.21497918036379574,0.48,0.295,-15.512,0.12,0.132,110.018,Midnights,2022,0.2135,-0.0014791803637957401
Last Kiss,0.053389830508474574,0.359,0.329,-9.531,0.0979,0.208,84.358,Speak Now,2010,0.2685,0.21511016949152545
Lavender Haze,0.047363636363636365,0.735,0.449,-10.56,0.132,0.0955,97.05,Midnights,2022,0.27225,0.22488636363636363
London Boy,0.16999999999999998,0.695,0.71,-6.639,0.133,0.557,157.925,Lover,2019,0.6335,0.46349999999999997
Long Live,0.008816051673194528,0.412,0.682,-4.319,0.106,0.146,203.959,Speak Now,2010,0.41400000000000003,0.4051839483268055
Look What You Made Me Do,-0.01267938682322243,0.766,0.709,-6.471,0.126,0.506,128.07,reputation,2017,0.6074999999999999,0.6201793868232224
Lover,0.04863636363636364,0.359,0.543,-7.582,0.118,0.453,68.534,Lover,2019,0.498,0.44936363636363635
ME!,0.0875,0.61,0.83,-4.105,0.118,0.728,182.162,Lover,2019,0.7789999999999999,0.6914999999999999
Maroon,-0.04049586776859504,0.655,0.384,-8.29,0.0973,0.0384,108.058,Midnights,2022,0.2112,0.25169586776859504
Mastermind,0.00400943396226415,0.66,0.343,-14.132,0.0922,0.137,125.96,Midnights,2022,0.24000000000000002,0.23599056603773588
Mean,-0.14090149176954733,0.57,0.747,-3.978,0.219,0.808,164.004,Speak Now,2010,0.7775000000000001,0.9184014917695474
Message In A Bottle,0.08552009456264777,0.622,0.791,-6.106,0.083,0.494,115.915,Red (Taylor's Version),2021,0.6425000000000001,0.5569799054373523
Midnight Rain,0.1715909090909091,0.604,0.375,-11.637,0.116,0.203,137.651,Midnights,2022,0.28900000000000003,0.11740909090909094
Miss Americana & The Heartbreak Prince,0.0924193548387097,0.662,0.747,-6.926,0.138,0.487,150.088,Lover,2019,0.617,0.5245806451612903
Mr. Perfectly Fine,0.06958670260557054,0.66,0.817,-6.269,0.0667,0.714,135.942,Fearless (Taylor's Version),2021,0.7655,0.6959132973944294
My Boy Only Breaks His Favorite Toys,0.09574684574684575,0.596,0.563,-7.362,0.302,0.481,97.073,The Tortured Poets Department,2024,0.522,0.42625315425315424
Never Grow Up,0.032044711824123585,0.715,0.308,-8.829,0.16,0.547,124.899,Speak Now,2010,0.4275,0.3954552881758764
Nothing New,0.057611832611832614,0.606,0.377,-9.455,0.154,0.446,101.96,Red (Taylor's Version),2021,0.4115,0.35388816738816736
Now That We Don't Talk,0.05425084175084175,0.8,0.509,-9.386,0.0834,0.0768,109.994,1989 (Taylor's Version),2023,0.2929,0.23864915824915825
Our Song,-0.049716553287981864,0.668,0.672,-4.931,0.329,0.539,89.011,Taylor Swift,2006,0.6055,0.6552165532879819
Paper Rings,-0.03292307692307692,0.811,0.719,-6.553,0.0742,0.865,103.979,Lover,2019,0.792,0.824923076923077
Picture To Burn,-0.11366666666666665,0.658,0.877,-2.098,0.0962,0.821,105.586,Taylor Swift,2006,0.849,0.9626666666666667
Red,0.09997594997594997,0.602,0.896,-4.267,0.091,0.641,124.978,Red,2012,0.7685,0.66852405002405
Run,-0.0029245283018867925,0.61,0.488,-6.918,0.312,0.443,125.039,Red (Taylor's Version),2021,0.4655,0.4684245283018868
Sad Beautiful Tragic,0.20214420995670998,0.624,0.34,-12.411,0.121,0.261,129.987,Red,2012,0.3005,0.09835579004329001
Say Don't Go,-0.004368279569892472,0.632,0.539,-8.375,0.132,0.186,109.962,1989 (Taylor's Version),2023,0.36250000000000004,0.36686827956989254
Shake It Off,-0.04495350328683662,0.648,0.785,-5.414,0.148,0.943,160.02,1989,2014,0.864,0.9089535032868367
Should've Said No,0.01184668989547038,0.476,0.777,-3.771,0.196,0.472,167.964,Taylor Swift,2006,0.6245,0.6126533101045297
So It Goes...,0.006496675246675248,0.574,0.61,-7.283,0.13,0.374,74.957,reputation,2017,0.492,0.48550332475332475
"So Long, London",0.06738639900404607,0.423,0.533,-11.388,0.0816,0.248,160.218,The Tortured Poets Department,2024,0.3905,0.32311360099595393
Sparks Fly,0.11448412698412698,0.608,0.785,-2.976,0.158,0.376,114.985,Speak Now,2010,0.5805,0.46601587301587305
Speak Now,0.011969036440867427,0.708,0.601,-3.75,0.0979,0.742,118.962,Speak Now,2010,0.6715,0.6595309635591325
Starlight,0.12777777777777777,0.649,0.777,-5.804,0.221,0.587,126.018,Red,2012,0.6819999999999999,0.5542222222222222
Stay Beautiful,0.15231060606060606,0.594,0.629,-4.919,0.137,0.504,131.597,Taylor Swift,2006,0.5665,0.4141893939393939
Stay Stay Stay,0.19336622807017542,0.729,0.748,-6.67,0.09,0.928,99.981,Red,2012,0.8380000000000001,0.6446337719298246
Style,0.0011453823953823919,0.598,0.786,-5.572,0.117,0.456,95.021,1989,2014,0.621,0.6198546176046176
Suburban Legends,0.0587087087087087,0.695,0.607,-8.84,0.102,0.394,118.043,1989 (Taylor's Version),2023,0.5005,0.44179129129129124
Superstar,0.09941421012849586,0.454,0.555,-6.69,0.343,0.171,171.862,Fearless (Taylor's Version),2021,0.36300000000000004,0.26358578987150416
Sweet Nothing,0.06227981029810298,0.336,0.161,-14.973,0.115,0.407,176.48,Midnights,2022,0.284,0.221720189701897
The Alchemy,0.09337606837606836,0.64,0.421,-8.802,0.103,0.353,100.056,The Tortured Poets Department,2024,0.387,0.29362393162393163
The Archer,0.07613756613756613,0.292,0.574,-9.375,0.0663,0.166,124.344,Lover,2019,0.37,0.2938624338624339
The Lucky One,0.15339105339105338,0.706,0.499,-7.675,0.132,0.545,117.937,Red,2012,0.522,0.3686089466089466
The Man,-0.06376811594202898,0.777,0.658,-5.191,0.0901,0.633,110.048,Lover,2019,0.6455,0.709268115942029
The Outside,0.1170014880952381,0.589,0.805,-4.055,0.24,0.591,112.982,Taylor Swift,2006,0.698,0.5809985119047618
The Smallest Man Who Ever Lived,0.0075783972125435545,0.426,0.41,-9.083,0.338,0.263,142.377,The Tortured Poets Department,2024,0.3365,0.32892160278745647
The Tortured Poets Department,0.01006944444444444,0.604,0.428,-8.441,0.126,0.292,110.259,The Tortured Poets Department,2024,0.36,0.3499305555555555
The Very First Night,0.10121212121212121,0.678,0.733,-5.025,0.104,0.581,121.009,Red (Taylor's Version),2021,0.657,0.5557878787878788
This Is Why We Can't Have Nice Things,0.14086538461538461,0.567,0.789,-5.986,0.382,0.438,163.96,reputation,2017,0.6135,0.47263461538461543
This Love,0.15602784602784603,0.485,0.459,-8.768,0.101,0.0858,71.981,1989,2014,0.27240000000000003,0.116372153972154
Tim McGraw,0.06676406926406926,0.58,0.491,-6.462,0.121,0.425,76.009,Taylor Swift,2006,0.45799999999999996,0.3912359307359307
Timeless,0.04133597883597883,0.629,0.578,-5.806,0.0868,0.651,142.887,Speak Now (Taylor's Version),2023,0.6145,0.5731640211640212
Treacherous,0.023482726423902898,0.705,0.621,-8.086,0.147,0.395,109.993,Red,2012,0.508,0.4845172735760971
Untouchable,-0.03686594202898551,0.393,0.531,-6.112,0.169,0.224,200.391,Fearless (Taylor's Version),2021,0.3775,0.4143659420289855
Vigilante Shit,-0.12609649122807018,0.872,0.267,-10.764,0.123,0.168,79.964,Midnights,2022,0.21750000000000003,0.34359649122807023
We Are Never Ever Getting Back Together,0.014676339285714287,0.628,0.676,-5.911,0.102,0.75,85.984,Red,2012,0.7130000000000001,0.6983236607142858
We Were Happy,0.2977418745275888,0.609,0.373,-8.819,0.0779,0.13,106.007,Fearless (Taylor's Version),2021,0.2515,-0.04624187452758882
When Emma Falls in Love,0.1376873647186147,0.524,0.759,-4.714,0.104,0.234,77.879,Speak Now (Taylor's Version),2023,0.4965,0.3588126352813853
Wildest Dreams,0.045186781609195405,0.553,0.664,-7.417,0.106,0.467,140.06,1989,2014,0.5655,0.5203132183908046
You All Over Me,0.043045112781954886,0.599,0.494,-7.61,0.101,0.44,142.893,Fearless (Taylor's Version),2021,0.46699999999999997,0.4239548872180451
You Need To Calm Down,-0.022523148148148146,0.771,0.671,-5.617,0.0637,0.714,85.026,Lover,2019,0.6925,0.7150231481481482
"You're On Your Own, Kid",0.1430232558139535,0.696,0.39,-10.331,0.125,0.395,120.032,Midnights,2022,0.3925,0.2494767441860465
august,-0.018894830659536545,0.532,0.623,-9.208,0.0925,0.403,89.937,folklore,2020,0.513,0.5318948306595366
betty,-0.06950959488272922,0.593,0.377,-8.761,0.0976,0.502,95.939,folklore,2020,0.4395,0.5090095948827292
cardigan,0.0584469696969697,0.613,0.581,-8.588,0.25,0.551,130.033,folklore,2020,0.5660000000000001,0.5075530303030303
champagne problems,0.011054421768707485,0.462,0.24,-12.077,0.113,0.32,171.319,evermore,2020,0.28,0.26894557823129256
closure,0.09517334517334518,0.689,0.704,-10.813,0.134,0.92,151.884,evermore,2020,0.812,0.7168266548266549
coney island,-0.01702446005724694,0.537,0.537,-11.266,0.142,0.292,107.895,evermore,2020,0.4145,0.43152446005724693
cowboy like me,0.1094588122605364,0.604,0.517,-9.014,0.123,0.511,127.967,evermore,2020,0.514,0.4045411877394636
dorothea,-0.028042328042328042,0.605,0.488,-8.322,0.129,0.354,119.966,evermore,2020,0.421,0.449042328042328
epiphany,-0.0253968253968254,0.175,0.267,-13.69,0.0858,0.106,94.203,folklore,2020,0.1865,0.2118968253968254
evermore,0.029203658864675814,0.39,0.27,-10.673,0.111,0.32,125.177,evermore,2020,0.29500000000000004,0.26579634113532424
exile,0.03944964871194379,0.298,0.38,-8.426,0.11,0.152,75.602,folklore,2020,0.266,0.22655035128805623
gold rush,0.0889069264069264,0.512,0.462,-10.491,0.121,0.353,112.05,evermore,2020,0.4075,0.31859307359307354
happiness,0.18589952816143293,0.559,0.334,-10.733,0.114,0.211,122.079,evermore,2020,0.2725,0.08660047183856709
hoax,0.005454213184476341,0.662,0.181,-15.065,0.133,0.429,118.819,folklore,2020,0.305,0.29954578681552363
illicit affairs,-0.03463183421516755,0.559,0.31,-10.445,0.106,0.46,119.845,folklore,2020,0.385,0.4196318342151676
invisible string,0.010388589398023363,0.653,0.452,-11.143,0.108,0.45,83.433,folklore,2020,0.451,0.44061141060197667
ivy,0.026109047202797202,0.515,0.545,-9.277,0.0921,0.535,88.856,evermore,2020,0.54,0.5138909527972029
loml,0.08518518518518518,0.423,0.272,-12.56,0.108,0.195,78.539,The Tortured Poets Department,2024,0.2335,0.14831481481481484
long story short,0.018891398456615846,0.546,0.73,-7.704,0.0972,0.573,157.895,evermore,2020,0.6515,0.6326086015433842
mad woman,-0.15472222222222223,0.592,0.699,-8.995,0.114,0.506,141.916,folklore,2020,0.6025,0.7572222222222222
marjorie,0.06567460317460318,0.535,0.561,-11.609,0.115,0.287,96.103,evermore,2020,0.42400000000000004,0.3583253968253969
mirrorball,0.07421652421652422,0.553,0.413,-10.037,0.0594,0.379,110.107,folklore,2020,0.396,0.32178347578347577
my tears ricochet,-0.03006756756756757,0.469,0.263,-10.63,0.0749,0.112,129.86,folklore,2020,0.1875,0.21756756756756757
"no body, no crime",0.033727272727272724,0.546,0.613,-7.589,0.103,0.535,79.015,evermore,2020,0.5740000000000001,0.5402727272727273
peace,0.0625,0.647,0.272,-12.906,0.0918,0.339,150.044,folklore,2020,0.3055,0.243
seven,0.092506825006825,0.596,0.488,-10.769,0.091,0.415,94.922,folklore,2020,0.4515,0.358993174993175
the 1,0.10717279174725983,0.777,0.357,-6.942,0.108,0.172,139.884,folklore,2020,0.26449999999999996,0.15732720825274013
the last great american dynasty,0.2011433080808081,0.686,0.662,-8.505,0.109,0.706,147.922,folklore,2020,0.6839999999999999,0.48285669191919184
this is me trying,-0.1039186507936508,0.515,0.476,-9.843,0.171,0.412,135.886,folklore,2020,0.44399999999999995,0.5479186507936508
tolerate it,0.08392857142857144,0.316,0.361,-10.381,0.0797,0.221,74.952,evermore,2020,0.291,0.20707142857142855
willow,0.04134199134199134,0.392,0.574,-9.195,0.145,0.529,81.112,evermore,2020,0.5515,0.5101580086580086
